{"cameraMode":{"drawMode":0,"name":"Shaded","section":"Shading Mode"},"sceneLighting":false,"audioPlay":false,"sceneViewState":{"m_AlwaysRefresh":false,"showFog":true,"showSkybox":false,"showFlares":true,"showImageEffects":true,"showParticleSystems":true,"showVisualEffectGraphs":true,"m_FxEnabled":true},"in2DMode":false,"pivot":{"x":-3.668686866760254,"y":-2.456348419189453,"z":9.096662521362305},"rotation":{"x":0.3119296729564667,"y":-0.025074046105146409,"z":0.008212154731154442,"w":0.9497818946838379},"size":18.138574600219728,"orthographic":true}